City_ID,City,Country,Date,Lat,Lng,Max Temp,Humidity,Cloudiness,Wind Speed,Description
0,Chuy,UY,2022-04-17 23:45:23,-33.6971,-53.4616,62.02,79,100,6.93,overcast clouds
1,Marawi,PH,2022-04-17 23:51:19,7.9986,124.2928,74.62,83,89,1.92,overcast clouds
2,Albany,US,2022-04-17 23:36:41,42.6001,-73.9662,43.63,56,55,3.0,broken clouds
3,Nimaparha,IN,2022-04-17 23:51:20,20.0667,86.0167,79.2,86,97,11.18,overcast clouds
4,Manggar,ID,2022-04-17 23:51:20,-2.8833,108.2667,81.46,78,57,1.43,broken clouds
5,Barrow,US,2022-04-17 23:51:21,71.2906,-156.7887,5.02,78,0,8.05,clear sky
6,Haines Junction,CA,2022-04-17 23:51:21,60.7522,-137.5108,33.75,27,83,6.91,broken clouds
7,Rikitea,PF,2022-04-17 23:48:57,-23.1203,-134.9692,78.55,63,3,11.43,clear sky
8,Marzuq,YE,2022-04-17 23:47:51,14.4,46.4667,71.96,45,3,3.89,clear sky
9,Tasiilaq,GL,2022-04-17 23:45:16,65.6145,-37.6368,33.19,97,100,9.44,light snow
10,Nouna,BF,2022-04-17 23:51:22,12.7333,-3.8667,84.47,21,100,4.21,overcast clouds
11,Yibin,CN,2022-04-17 23:51:22,28.7667,104.6238,55.42,87,100,3.49,overcast clouds
12,Punta Arenas,CL,2022-04-17 23:51:23,-53.15,-70.9167,46.51,87,75,9.22,broken clouds
13,Mar Del Plata,AR,2022-04-17 23:50:30,-38.0023,-57.5575,64.09,90,0,11.99,clear sky
14,Kushmurun,KZ,2022-04-17 23:42:48,52.4503,64.6311,44.8,57,100,8.75,overcast clouds
15,Kahului,US,2022-04-17 23:49:05,20.8947,-156.47,84.22,51,40,28.77,scattered clouds
16,Xianshuigu,CN,2022-04-17 23:51:23,38.985,117.3828,60.8,44,0,0.0,clear sky
17,Umea,SE,2022-04-17 23:51:23,63.8284,20.2597,32.92,100,0,1.14,clear sky
18,Jamestown,US,2022-04-17 23:48:29,42.097,-79.2353,38.84,48,20,6.91,few clouds
19,Ushuaia,AR,2022-04-17 23:51:24,-54.8,-68.3,46.06,93,100,16.11,moderate rain
20,Esperance,AU,2022-04-17 23:51:24,-33.8667,121.9,53.44,63,83,6.64,broken clouds
21,Cape Town,ZA,2022-04-17 23:50:47,-33.9258,18.4232,63.01,78,0,18.41,clear sky
22,Cuamba,MZ,2022-04-17 23:51:24,-14.8031,36.5372,66.43,98,18,3.13,few clouds
23,Mosquera,CO,2022-04-17 23:51:25,4.7059,-74.2302,60.89,72,40,5.75,scattered clouds
24,Geraldton,AU,2022-04-17 23:44:07,-28.7667,114.6,52.21,82,0,10.36,clear sky
25,Tual,ID,2022-04-17 23:51:25,-5.6667,132.75,84.4,73,100,9.57,overcast clouds
26,Zatoka,UA,2022-04-17 23:51:26,46.0725,30.4654,43.7,66,100,18.92,overcast clouds
27,Lebu,CL,2022-04-17 23:51:26,-37.6167,-73.65,53.64,88,96,8.72,overcast clouds
28,Arlit,NE,2022-04-17 23:51:26,18.7369,7.3853,75.65,14,93,6.91,overcast clouds
29,Victoria,HK,2022-04-17 23:46:43,22.2855,114.1577,73.18,80,100,4.0,overcast clouds
30,Port Hardy,CA,2022-04-17 23:51:27,50.6996,-127.4199,51.98,54,100,19.57,overcast clouds
31,Poum,NC,2022-04-17 23:50:20,-20.2333,164.0167,75.61,76,93,0.92,overcast clouds
32,Torbay,CA,2022-04-17 23:51:27,47.6666,-52.7314,50.88,93,75,11.5,broken clouds
33,Tarata,BO,2022-04-17 23:51:27,-17.6167,-66.0167,62.02,75,5,7.23,clear sky
34,East London,ZA,2022-04-17 23:51:28,-33.0153,27.9116,64.26,80,39,8.97,scattered clouds
35,Shubarshi,KZ,2022-04-17 23:51:28,48.5872,57.1869,51.46,61,30,4.79,scattered clouds
36,Batagay-Alyta,RU,2022-04-17 23:51:28,67.8006,130.4114,4.62,91,100,3.15,overcast clouds
37,Sale,MA,2022-04-17 23:51:28,34.0389,-6.8166,67.64,100,99,0.0,overcast clouds
38,Georgetown,MY,2022-04-17 23:51:29,5.4112,100.3354,82.33,99,20,3.44,few clouds
39,Butaritari,KI,2022-04-17 23:51:29,3.0707,172.7902,81.81,73,43,12.62,scattered clouds
40,Port Lincoln,AU,2022-04-17 23:51:29,-34.7333,135.8667,62.64,62,100,10.6,overcast clouds
41,Mataura,NZ,2022-04-17 23:51:30,-46.1927,168.8643,59.49,53,2,2.91,clear sky
42,Sovetskiy,RU,2022-04-17 23:45:21,61.3614,63.5842,22.01,91,15,4.76,few clouds
43,New Norfolk,AU,2022-04-17 23:51:30,-42.7826,147.0587,55.89,59,100,1.01,overcast clouds
44,Hofn,IS,2022-04-17 23:51:30,64.2539,-15.2082,44.8,82,9,0.49,clear sky
45,Dombarovskiy,RU,2022-04-17 23:51:31,50.7587,59.5386,46.63,68,85,4.83,overcast clouds
46,Vestmanna,FO,2022-04-17 23:47:43,62.1564,-7.1664,45.52,93,100,11.5,light intensity drizzle
47,Provideniya,RU,2022-04-17 23:42:43,64.3833,-173.3,32.36,93,100,27.0,snow
48,Puerto Ayora,EC,2022-04-17 23:50:12,-0.7393,-90.3518,76.96,95,93,9.37,light rain
49,Trairi,BR,2022-04-17 23:46:37,-3.2778,-39.2689,76.24,92,98,3.51,overcast clouds
50,Chokurdakh,RU,2022-04-17 23:52:31,70.6333,147.9167,10.83,91,78,4.45,broken clouds
51,El Carmen,CO,2022-04-17 23:52:31,8.5106,-73.4478,69.28,95,59,1.95,broken clouds
52,Saint-Joseph,RE,2022-04-17 23:52:32,-21.3667,55.6167,72.21,86,34,9.35,light rain
53,Paita,PE,2022-04-17 23:52:32,-5.0892,-81.1144,69.06,78,7,16.71,clear sky
54,Rudbar,AF,2022-04-17 23:52:32,30.15,62.6,70.52,43,23,7.85,few clouds
55,San Quintin,MX,2022-04-17 23:52:33,30.4833,-115.95,64.76,68,4,20.85,clear sky
56,Ouargaye,BF,2022-04-17 23:52:33,11.5033,0.0572,90.88,12,99,7.36,overcast clouds
57,Nuevo Progreso,MX,2022-04-17 23:52:33,23.1667,-97.95,83.53,66,15,1.99,few clouds
58,Amuntai,ID,2022-04-17 23:52:34,-2.4177,115.2494,78.82,82,100,2.15,overcast clouds
59,Vaini,TO,2022-04-17 23:52:34,-21.2,-175.2,84.36,79,75,6.91,broken clouds
60,Bandarbeyla,SO,2022-04-17 23:52:34,9.4942,50.8122,80.74,82,50,7.81,scattered clouds
61,Mahajanga,MG,2022-04-17 23:52:35,-15.7167,46.3167,77.02,78,20,4.61,few clouds
62,Faanui,PF,2022-04-17 23:52:35,-16.4833,-151.75,80.96,72,44,9.22,light rain
63,Port Alfred,ZA,2022-04-17 23:52:35,-33.5906,26.891,59.18,93,16,3.0,few clouds
64,Leningradskiy,RU,2022-04-17 23:52:35,69.3833,178.4167,17.2,89,83,4.27,broken clouds
65,Narsaq,GL,2022-04-17 23:46:30,60.9167,-46.05,34.02,91,81,3.51,broken clouds
66,Atar,MR,2022-04-17 23:46:29,20.5169,-13.0499,85.42,12,88,3.87,overcast clouds
67,Husavik,IS,2022-04-17 23:52:36,66.0449,-17.3389,40.28,97,100,3.09,light rain
68,Dingle,PH,2022-04-17 23:46:35,10.9995,122.6711,80.78,78,72,10.87,broken clouds
69,Inuvik,CA,2022-04-17 23:52:33,68.3499,-133.7218,25.66,34,40,12.66,scattered clouds
70,Guder,ET,2022-04-17 23:52:36,8.9667,37.7667,60.73,84,94,1.95,overcast clouds
71,San Patricio,US,2022-04-17 23:52:37,28.017,-97.5169,86.18,64,13,15.3,few clouds
72,Vila Franca Do Campo,PT,2022-04-17 23:43:57,37.7167,-25.4333,59.41,75,68,10.47,broken clouds
73,Trelew,AR,2022-04-17 23:52:37,-43.249,-65.3051,61.56,68,0,23.17,clear sky
74,Busselton,AU,2022-04-17 23:52:37,-33.65,115.3333,58.26,69,50,3.44,scattered clouds
75,Adre,TD,2022-04-17 23:52:38,13.4667,22.2,82.56,33,38,6.02,scattered clouds
76,Hobart,AU,2022-04-17 23:52:38,-42.8794,147.3294,56.23,90,75,1.01,broken clouds
77,Valparaiso,CL,2022-04-17 23:49:23,-33.0393,-71.6273,56.48,79,100,2.3,mist
78,Panzhihua,CN,2022-04-17 23:52:38,26.5851,101.7128,58.87,58,96,5.1,overcast clouds
79,Dubbo,AU,2022-04-17 23:52:39,-32.25,148.6167,69.93,64,79,13.8,broken clouds
80,Yakeshi,CN,2022-04-17 23:48:53,49.2833,120.7333,42.46,29,99,17.09,overcast clouds
81,Clyde River,CA,2022-04-17 23:52:39,70.4692,-68.5914,-14.57,76,40,3.44,scattered clouds
82,Alice Springs,AU,2022-04-17 23:50:19,-23.7,133.8833,76.55,32,12,12.66,few clouds
83,Kodiak,US,2022-04-17 23:52:39,57.79,-152.4072,42.31,70,100,9.22,overcast clouds
84,Upernavik,GL,2022-04-17 23:44:03,72.7868,-56.1549,-2.83,86,100,13.11,overcast clouds
85,Atuona,PF,2022-04-17 23:52:40,-9.8,-139.0333,79.65,78,8,17.07,clear sky
86,Sangar,RU,2022-04-17 23:52:40,63.9242,127.4739,25.25,83,100,19.37,overcast clouds
87,Pag,HR,2022-04-17 23:52:40,44.445,15.0575,50.58,54,4,16.87,clear sky
88,Qaanaaq,GL,2022-04-17 23:52:41,77.484,-69.3632,-18.6,76,1,4.45,clear sky
89,Bethel,US,2022-04-17 23:51:56,41.3712,-73.414,45.48,45,65,5.91,broken clouds
90,Fortuna,US,2022-04-17 23:52:41,40.5982,-124.1573,59.94,50,0,10.36,clear sky
91,Hilo,US,2022-04-17 23:51:16,19.7297,-155.09,77.29,91,100,3.0,mist
92,Vila Velha,BR,2022-04-17 23:46:31,-20.3297,-40.2925,75.15,80,75,10.36,broken clouds
93,Saint-Philippe,RE,2022-04-17 23:52:41,-21.3585,55.7679,73.22,87,62,9.06,light rain
94,Bathurst,AU,2022-04-17 23:53:42,-33.4166,149.5806,61.97,66,97,2.95,overcast clouds
95,Touros,BR,2022-04-17 23:53:42,-5.1989,-35.4608,80.29,78,87,8.7,overcast clouds
96,Kununurra,AU,2022-04-17 23:44:04,-15.7667,128.7333,78.78,89,23,3.44,few clouds
97,Alvdal,NO,2022-04-17 23:53:42,62.1077,10.6307,33.1,85,100,1.36,overcast clouds
98,Moussoro,TD,2022-04-17 23:45:12,13.6408,16.4901,91.56,20,54,9.73,broken clouds
99,Mwinilunga,ZM,2022-04-17 23:53:43,-11.7358,24.4293,61.41,98,96,3.04,overcast clouds
100,Rawson,AR,2022-04-17 23:46:32,-43.3002,-65.1023,60.51,74,0,24.61,clear sky
101,Bluff,NZ,2022-04-17 23:53:43,-46.6,168.3333,59.81,68,13,5.5,few clouds
102,Beatrice,US,2022-04-17 23:53:43,40.2681,-96.747,48.45,65,0,10.36,clear sky
103,Yuzhno-Kurilsk,RU,2022-04-17 23:53:44,44.0306,145.8556,42.55,79,31,6.98,scattered clouds
104,Sayaxche,GT,2022-04-17 23:53:44,16.5167,-90.1667,82.85,53,23,2.21,few clouds
105,Ponta Do Sol,PT,2022-04-17 23:53:44,32.6667,-17.1,66.83,54,95,12.21,overcast clouds
106,Ishigaki,JP,2022-04-17 23:53:45,24.3448,124.1572,71.73,88,75,1.14,broken clouds
107,Ostrovnoy,RU,2022-04-17 23:53:45,68.0531,39.5131,33.03,90,100,9.15,overcast clouds
108,Castro,BR,2022-04-17 23:53:45,-24.7911,-50.0119,51.85,96,2,4.99,clear sky
109,Yellowknife,CA,2022-04-17 23:53:45,62.456,-114.3525,19.92,49,20,8.05,few clouds
110,Syasstroy,RU,2022-04-17 23:53:46,60.1367,32.5691,32.43,92,100,3.51,overcast clouds
111,Muyezerskiy,RU,2022-04-17 23:44:03,63.9333,31.65,34.34,98,100,2.42,overcast clouds
112,Buala,SB,2022-04-17 23:53:46,-8.145,159.5921,83.34,75,95,8.05,light rain
113,Sault Sainte Marie,CA,2022-04-17 23:51:16,46.5168,-84.3333,43.09,51,0,10.36,clear sky
114,Portland,US,2022-04-17 23:51:44,45.5234,-122.6762,60.48,46,100,8.05,overcast clouds
115,Iqaluit,CA,2022-04-17 23:52:34,63.7506,-68.5145,-2.47,65,40,6.91,scattered clouds
116,Saskylakh,RU,2022-04-17 23:53:47,71.9167,114.0833,28.24,97,100,11.79,light snow
117,Salalah,OM,2022-04-17 23:53:47,17.0151,54.0924,78.17,87,17,2.53,few clouds
118,Inverness,GB,2022-04-17 23:53:47,57.4791,-4.224,55.8,72,75,8.05,light rain
119,Uruguaiana,BR,2022-04-17 23:53:48,-29.7547,-57.0883,64.33,72,40,5.75,scattered clouds
120,Yunyang,CN,2022-04-17 23:53:48,33.4474,112.7142,61.93,43,93,6.26,overcast clouds
121,Zabaykalsk,RU,2022-04-17 23:53:48,49.6333,117.3167,46.49,53,98,16.91,overcast clouds
122,Male,MV,2022-04-17 23:53:48,4.1748,73.5089,84.15,79,20,9.22,few clouds
123,Norman Wells,CA,2022-04-17 23:53:49,65.282,-126.8329,24.84,30,40,8.05,scattered clouds
124,Praia Da Vitoria,PT,2022-04-17 23:46:33,38.7333,-27.0667,59.25,77,40,14.92,scattered clouds
125,Durban,ZA,2022-04-17 23:53:49,-29.8579,31.0292,64.92,95,100,3.0,light rain
126,Nanortalik,GL,2022-04-17 23:53:49,60.1432,-45.2371,29.41,89,58,9.44,broken clouds
127,Port Elizabeth,ZA,2022-04-17 23:53:40,-33.918,25.5701,63.32,97,75,11.5,moderate rain
128,Tiksi,RU,2022-04-17 23:53:50,71.6872,128.8694,1.9,98,83,4.0,broken clouds
129,Dobrusevo,MK,2022-04-17 23:53:50,41.1686,21.4825,37.89,97,100,5.28,overcast clouds
130,Saint George,US,2022-04-17 23:45:22,37.1041,-113.5841,83.79,8,0,3.44,clear sky
131,Hasaki,JP,2022-04-17 23:53:57,35.7333,140.8333,64.29,66,78,10.98,broken clouds
132,Tessalit,ML,2022-04-17 23:53:58,20.1986,1.0114,73.02,23,0,9.6,clear sky
133,Biscarrosse,FR,2022-04-17 23:53:58,44.3945,-1.1672,55.35,94,75,5.75,broken clouds
134,Ewa Beach,US,2022-04-17 23:53:58,21.3156,-158.0072,79.43,67,100,6.91,overcast clouds
135,Hurghada,EG,2022-04-17 23:53:59,27.2574,33.8129,73.44,73,0,0.0,clear sky
136,Lagoa,PT,2022-04-17 23:53:59,39.05,-27.9833,57.07,66,61,15.73,broken clouds
137,Ribeira Grande,PT,2022-04-17 23:53:59,38.5167,-28.7,58.1,70,53,19.48,broken clouds
138,Havelock,US,2022-04-17 23:54:00,34.8791,-76.9013,60.8,64,0,16.11,clear sky
139,Daru,PG,2022-04-17 23:52:50,-9.0763,143.2092,84.72,70,94,4.81,overcast clouds
140,Cherskiy,RU,2022-04-17 23:55:00,68.75,161.3,13.73,82,100,4.18,overcast clouds
141,Avarua,CK,2022-04-17 23:55:00,-21.2078,-159.775,80.65,74,75,3.44,broken clouds
142,Lyuban,BY,2022-04-17 23:55:01,52.7985,28.0048,34.66,72,96,7.61,overcast clouds
143,Grinnell,US,2022-04-17 23:55:01,41.743,-92.7224,35.58,91,100,3.44,light snow
144,Varna,BG,2022-04-17 23:55:01,43.2167,27.9167,40.87,95,100,12.66,overcast clouds
145,Lata,PT,2022-04-17 23:55:02,40.1629,-8.3327,58.82,97,57,1.23,broken clouds
146,Bambanglipuro,ID,2022-04-17 23:55:02,-7.95,110.2833,79.36,84,98,4.09,overcast clouds
147,Urucara,BR,2022-04-17 23:55:03,-2.5364,-57.76,74.93,97,99,1.74,moderate rain
148,Meulaboh,ID,2022-04-17 23:55:03,4.1363,96.1285,78.13,88,100,2.8,overcast clouds
149,Lisala,CD,2022-04-17 23:55:04,2.15,21.5167,71.51,96,67,2.93,light rain
150,Severo-Kurilsk,RU,2022-04-17 23:46:36,50.6789,156.125,32.25,79,90,6.4,overcast clouds
151,Nouadhibou,MR,2022-04-17 23:55:04,20.931,-17.0347,66.18,94,40,8.05,scattered clouds
152,Bredasdorp,ZA,2022-04-17 23:55:04,-34.5322,20.0403,59.7,93,83,4.59,broken clouds
153,Oberwart,AT,2022-04-17 23:55:05,47.2897,16.206,40.62,44,28,7.29,scattered clouds
154,Fairbanks,US,2022-04-17 23:53:35,64.8378,-147.7164,39.97,24,0,4.61,clear sky
155,Salina Cruz,MX,2022-04-17 23:55:05,16.1667,-95.2,86.95,61,79,12.01,broken clouds
156,Kapaa,US,2022-04-17 23:55:06,22.0752,-159.319,80.58,81,23,10.0,few clouds
157,Dikson,RU,2022-04-17 23:55:06,73.5069,80.5464,-7.26,100,93,2.46,overcast clouds
158,Broome,US,2022-04-17 23:52:43,42.2506,-75.833,38.43,54,75,1.99,broken clouds
159,Sao Joao Da Barra,BR,2022-04-17 23:46:39,-21.6403,-41.0511,69.78,75,2,10.4,clear sky
160,Guerrero Negro,MX,2022-04-17 23:55:06,27.9769,-114.0611,65.05,65,85,19.04,overcast clouds
161,Kavieng,PG,2022-04-17 23:55:07,-2.5744,150.7967,85.57,66,83,14.18,broken clouds
162,Lusambo,CD,2022-04-17 23:55:07,-4.9667,23.45,71.26,89,93,1.52,overcast clouds
163,Hermanus,ZA,2022-04-17 23:55:07,-34.4187,19.2345,61.81,83,69,12.37,broken clouds
164,Vestmannaeyjar,IS,2022-04-17 23:55:08,63.4427,-20.2734,42.69,70,21,4.7,few clouds
165,Carnarvon,AU,2022-04-17 23:55:08,-24.8667,113.6333,64.47,88,94,11.5,overcast clouds
166,Buraydah,SA,2022-04-17 23:55:08,26.326,43.975,73.85,17,1,9.26,clear sky
167,Arraial Do Cabo,BR,2022-04-17 23:55:09,-22.9661,-42.0278,73.2,68,9,11.34,clear sky
168,Southbridge,US,2022-04-17 23:55:09,42.0751,-72.0334,43.93,57,53,4.0,broken clouds
169,Lavrentiya,RU,2022-04-17 23:46:33,65.5833,-171.0,30.85,97,100,14.41,snow
170,Christchurch,NZ,2022-04-17 23:51:48,-43.5333,172.6333,62.42,63,20,19.57,few clouds
171,Souillac,MU,2022-04-17 23:55:10,-20.5167,57.5167,77.38,94,75,5.75,light intensity shower rain
172,Aykhal,RU,2022-04-17 23:55:10,66.0,111.5,23.22,94,100,20.51,light snow
173,Gat,IL,2022-04-17 23:50:18,31.61,34.7642,87.78,14,12,19.64,few clouds
174,Jalu,LY,2022-04-17 23:45:13,29.0331,21.5482,61.95,72,98,15.32,overcast clouds
175,Burns Lake,CA,2022-04-17 23:53:40,54.2331,-125.7533,49.42,33,46,2.57,scattered clouds
176,Aklavik,CA,2022-04-17 23:55:11,68.2191,-135.0107,20.46,78,100,13.89,overcast clouds
177,Komsomolskiy,UZ,2022-04-17 23:47:51,40.4272,71.7189,63.32,34,59,9.22,broken clouds
178,Auch,FR,2022-04-17 23:55:11,43.65,0.5833,55.26,88,100,3.0,overcast clouds
179,Loreto,MX,2022-04-17 23:54:53,22.2667,-101.9667,88.18,7,17,12.86,few clouds
180,Sobolevo,RU,2022-04-17 23:55:11,54.4299,31.8996,31.64,95,99,11.45,light snow
181,Jijiga,ET,2022-04-17 23:55:12,9.35,42.8,64.22,71,91,2.08,overcast clouds
182,Itamarandiba,BR,2022-04-17 23:56:12,-17.8572,-42.8589,62.73,92,91,3.0,overcast clouds
183,Codrington,AU,2022-04-17 23:56:12,-38.2667,141.9667,60.06,80,100,11.77,moderate rain
184,Shenkursk,RU,2022-04-17 23:56:13,62.1091,42.896,33.42,99,100,5.19,light snow
185,Roros,NO,2022-04-17 23:56:13,62.5747,11.3842,30.34,95,98,2.33,overcast clouds
186,Myitkyina,MM,2022-04-17 23:56:13,25.3833,97.4,67.3,93,85,3.42,overcast clouds
187,Evensk,RU,2022-04-17 23:56:14,61.95,159.2333,30.45,79,99,0.83,overcast clouds
188,Warwick,US,2022-04-17 23:52:33,41.7001,-71.4162,45.72,51,73,1.99,broken clouds
189,Skibbereen,IE,2022-04-17 23:56:15,51.55,-9.2667,45.1,80,35,8.99,scattered clouds
190,Port Augusta,AU,2022-04-17 23:56:15,-32.5,137.7667,66.9,65,100,15.1,overcast clouds
191,Tanout,NE,2022-04-17 23:56:15,14.9709,8.8879,80.1,11,94,10.49,overcast clouds
192,Iwaki,JP,2022-04-17 23:56:16,37.05,140.8833,65.01,63,50,1.99,scattered clouds
193,Yuncheng,CN,2022-04-17 23:56:16,35.0231,110.9928,55.4,41,5,11.03,clear sky
194,Cayenne,GF,2022-04-17 23:46:37,4.9333,-52.3333,81.09,1,0,3.44,clear sky
195,Vardo,NO,2022-04-17 23:56:16,70.3705,31.1107,39.92,92,100,11.74,overcast clouds
196,Ancud,CL,2022-04-17 23:56:17,-41.8697,-73.8203,55.22,86,100,5.77,overcast clouds
197,Kungurtug,RU,2022-04-17 23:56:17,50.5994,97.5228,34.72,73,25,2.1,scattered clouds
198,Guangshui,CN,2022-04-17 23:56:17,31.6199,113.9978,57.24,69,100,4.59,overcast clouds
199,Magadan,RU,2022-04-17 23:56:18,59.5667,150.8,25.92,70,100,1.83,overcast clouds
200,Starozhilovo,RU,2022-04-17 23:56:18,54.2254,39.916,31.96,97,97,8.68,overcast clouds
201,Bardiyah,LY,2022-04-17 23:56:18,31.7561,25.0865,59.83,84,0,13.35,clear sky
202,Diego De Almagro,CL,2022-04-17 23:56:19,-26.3667,-70.05,60.51,48,0,2.44,clear sky
203,Araguaina,BR,2022-04-17 23:56:19,-7.1911,-48.2072,75.67,88,100,0.36,overcast clouds
204,Saldanha,ZA,2022-04-17 23:56:20,-33.0117,17.9442,59.05,80,34,9.4,scattered clouds
205,Santiago Del Estero,AR,2022-04-17 23:56:20,-27.7951,-64.2615,65.75,53,0,3.36,clear sky
206,Churapcha,RU,2022-04-17 23:56:20,62.0025,132.4325,30.09,75,17,11.3,few clouds
207,Luderitz,NA,2022-04-17 23:56:21,-26.6481,15.1594,67.48,49,0,12.12,clear sky
208,Tilichiki,RU,2022-04-17 23:46:34,60.4667,166.1,23.18,81,36,6.55,scattered clouds
209,Grindavik,IS,2022-04-17 23:50:16,63.8424,-22.4338,40.95,81,75,9.22,broken clouds
210,Kaitangata,NZ,2022-04-17 23:56:21,-46.2817,169.8464,57.06,56,2,2.13,clear sky
211,Kamenka,RU,2022-04-17 23:56:22,51.3223,42.7678,48.52,88,100,7.23,overcast clouds
212,College,US,2022-04-17 23:46:39,64.8569,-147.8028,39.97,25,0,9.22,clear sky
213,Mazamari,PE,2022-04-17 23:56:22,-11.3258,-74.5308,74.48,78,58,0.47,broken clouds
214,Umm Lajj,SA,2022-04-17 23:56:22,25.0213,37.2685,85.42,22,100,11.34,overcast clouds
215,Jacmel,HT,2022-04-17 23:56:23,18.2342,-72.5347,76.55,81,95,7.7,overcast clouds
216,Kushima,JP,2022-04-17 23:56:23,31.4583,131.2333,65.95,55,99,2.75,overcast clouds
217,Dunedin,NZ,2022-04-17 23:56:23,-45.8742,170.5036,60.8,61,0,11.99,clear sky
218,Plettenberg Bay,ZA,2022-04-17 23:56:23,-34.0527,23.3716,59.36,77,32,3.4,scattered clouds
219,Los Llanos De Aridane,ES,2022-04-17 23:56:24,28.6585,-17.9182,67.75,49,100,11.5,overcast clouds
220,Bowmore,US,2022-04-17 23:56:24,34.9421,-79.3031,73.81,55,74,4.0,broken clouds
221,Airai,TL,2022-04-17 23:56:24,-8.9266,125.4092,68.76,70,78,1.41,broken clouds
222,Khandyga,RU,2022-04-17 23:56:25,62.6667,135.6,24.6,87,100,5.61,overcast clouds
223,Safaga,EG,2022-04-17 23:56:25,26.7292,33.9365,78.6,42,70,4.88,broken clouds
224,Petatlan,MX,2022-04-17 23:56:25,17.5167,-101.2667,82.44,53,61,4.74,broken clouds
225,Murgab,TM,2022-04-17 23:56:26,37.4966,61.9714,57.07,94,100,9.22,overcast clouds
226,Tanggu,CN,2022-04-17 23:56:26,39.0211,117.6469,60.76,36,100,1.9,overcast clouds
227,Rocha,UY,2022-04-17 23:57:26,-34.4833,-54.3333,58.06,89,100,4.52,light rain
228,Waitati,NZ,2022-04-17 23:57:27,-45.75,170.5667,60.8,61,0,5.93,clear sky
229,La Libertad,EC,2022-04-17 23:57:27,-2.2333,-80.9,74.86,83,0,10.36,clear sky
230,Pak Phanang,TH,2022-04-17 23:57:27,8.3511,100.202,80.62,77,97,5.66,overcast clouds
231,Langham,CA,2022-04-17 23:57:28,52.3668,-106.9679,38.01,56,86,5.57,overcast clouds
232,Breves,BR,2022-04-17 23:48:54,-1.6822,-50.4803,74.52,96,100,3.24,light rain
233,Ixtapa,MX,2022-04-17 23:57:28,20.7,-105.2,78.22,72,86,5.99,overcast clouds
234,Assiniboia,CA,2022-04-17 23:57:28,49.6334,-105.9845,31.82,47,98,9.22,overcast clouds
235,Toamasina,MG,2022-04-17 23:57:29,-18.1667,49.3833,74.25,89,55,4.72,light rain
236,Harlingen,US,2022-04-17 23:53:02,26.1906,-97.6961,87.89,49,1,12.66,clear sky
237,Waingapu,ID,2022-04-17 23:57:29,-9.6567,120.2641,81.97,81,96,4.03,overcast clouds
238,Luanda,AO,2022-04-17 23:57:29,-8.8368,13.2343,78.8,89,75,8.05,broken clouds
239,Montanha,BR,2022-04-17 23:57:30,-18.1269,-40.3633,70.93,75,99,8.34,overcast clouds
240,Voh,NC,2022-04-17 23:57:30,-20.9667,164.7,77.9,68,99,0.4,overcast clouds
241,Homa Bay,KE,2022-04-17 23:57:30,-0.5273,34.4571,66.15,85,100,6.33,overcast clouds
242,Roseland,US,2022-04-17 23:57:30,38.4221,-122.728,69.87,48,6,7.0,clear sky
243,Sitka,US,2022-04-17 23:57:31,57.0531,-135.33,43.93,57,100,2.35,overcast clouds
244,Rio Gallegos,AR,2022-04-17 23:57:01,-51.6226,-69.2181,50.05,81,100,25.32,light rain
245,Mandello Del Lario,IT,2022-04-17 23:57:31,45.9192,9.3193,52.11,52,40,1.25,scattered clouds
246,Talcahuano,CL,2022-04-17 23:57:32,-36.7167,-73.1167,51.48,100,40,3.44,mist
247,Viking,CA,2022-04-17 23:57:32,53.1001,-111.7684,35.24,51,100,5.3,overcast clouds
248,Pacific Grove,US,2022-04-17 23:54:26,36.6177,-121.9166,66.02,71,1,10.0,clear sky
249,Mehamn,NO,2022-04-17 23:57:32,71.0357,27.8492,40.03,96,100,15.93,overcast clouds
250,Waraseoni,IN,2022-04-17 23:57:33,21.75,80.0333,81.05,28,0,4.88,clear sky
251,Fort Nelson,CA,2022-04-17 23:50:08,58.8053,-122.7002,18.99,45,75,2.3,broken clouds
252,Pevek,RU,2022-04-17 23:57:33,69.7008,170.3133,9.68,85,30,1.72,scattered clouds
253,Fallon,US,2022-04-17 23:57:33,39.4735,-118.7774,71.46,8,33,1.88,scattered clouds
254,Samarai,PG,2022-04-17 23:57:34,-10.6167,150.6667,82.56,78,100,10.58,overcast clouds
255,Thompson,CA,2022-04-17 23:56:24,55.7435,-97.8558,32.16,32,40,8.05,scattered clouds
256,Caraquet,CA,2022-04-17 23:53:37,47.7941,-64.9386,37.94,81,91,11.97,overcast clouds
257,Ahipara,NZ,2022-04-17 23:57:34,-35.1667,173.1667,70.57,88,97,12.44,overcast clouds
258,Coquimbo,CL,2022-04-17 23:45:11,-29.9533,-71.3436,56.93,88,75,8.05,broken clouds
259,Pafos,CY,2022-04-17 23:57:34,34.7667,32.4167,82.18,17,0,13.8,clear sky
260,Sept-Iles,CA,2022-04-17 23:53:48,50.2001,-66.3821,41.52,72,75,13.8,broken clouds
261,Saint-Augustin,CA,2022-04-17 23:57:35,51.226,-58.6502,35.76,99,100,15.39,overcast clouds
262,Saint-Francois,FR,2022-04-17 23:57:35,46.4154,3.9054,42.67,84,0,4.61,clear sky
263,Shingu,JP,2022-04-17 23:57:35,33.7333,135.9833,62.53,81,100,6.04,overcast clouds
264,Maceio,BR,2022-04-17 23:42:57,-9.6658,-35.7353,80.04,83,40,5.75,scattered clouds
265,Patti,IN,2022-04-17 23:57:36,31.2808,74.8572,73.47,19,19,4.41,few clouds
266,Dwarka,IN,2022-04-17 23:57:36,22.2394,68.9678,79.09,77,8,11.72,clear sky
267,Alofi,NU,2022-04-17 23:57:36,-19.0595,-169.9187,85.89,70,92,9.22,overcast clouds
268,Port Hawkesbury,CA,2022-04-17 23:57:37,45.6169,-61.3485,38.91,87,0,11.5,clear sky
269,Barra Patuca,HN,2022-04-17 23:57:37,15.8,-84.2833,79.09,67,3,10.16,clear sky
270,Isangel,VU,2022-04-17 23:57:37,-19.55,169.2667,82.69,72,100,1.21,overcast clouds
271,Ouidah,BJ,2022-04-17 23:57:38,6.3631,2.0851,84.06,82,100,7.56,moderate rain
272,Bathsheba,BB,2022-04-17 23:58:38,13.2167,-59.5167,79.41,73,40,18.41,scattered clouds
273,Nikolskoye,RU,2022-04-17 23:58:38,59.7035,30.7861,38.71,74,100,3.27,overcast clouds
274,Bambous Virieux,MU,2022-04-17 23:55:37,-20.3428,57.7575,77.25,94,75,5.75,light intensity shower rain
275,Tuni,IN,2022-04-17 23:58:38,17.35,82.55,77.63,68,78,5.41,broken clouds
276,Iquique,CL,2022-04-17 23:55:56,-20.2208,-70.1431,64.44,78,28,1.99,scattered clouds
277,Tuktoyaktuk,CA,2022-04-17 23:58:39,69.4541,-133.0374,17.6,57,100,10.36,overcast clouds
278,Stykkisholmur,IS,2022-04-17 23:58:39,65.0757,-22.7297,39.85,69,94,7.4,overcast clouds
279,Finnsnes,NO,2022-04-17 23:58:40,69.2296,17.9811,39.81,90,100,5.06,overcast clouds
280,Mahebourg,MU,2022-04-17 23:58:40,-20.4081,57.7,77.29,94,75,5.75,light intensity shower rain
281,Baykit,RU,2022-04-17 23:58:40,61.67,96.37,25.2,83,99,11.56,overcast clouds
282,Gimli,CA,2022-04-17 23:58:40,50.6336,-96.9907,24.82,93,100,10.36,overcast clouds
283,Vermilion,US,2022-04-17 23:58:41,40.1667,-87.7506,48.56,41,0,9.22,clear sky
284,Barentu,ER,2022-04-17 23:58:41,15.1139,37.5928,80.74,35,48,1.43,scattered clouds
285,Saint-Pierre,RE,2022-04-17 23:58:41,-21.3393,55.4781,73.29,86,100,6.91,overcast clouds
286,Verkhnyaya Inta,RU,2022-04-17 23:58:42,65.9811,60.3094,28.72,94,82,13.38,broken clouds
287,Asau,RO,2022-04-17 23:58:42,46.4333,26.4,33.28,82,81,4.92,broken clouds
288,Heilbron,ZA,2022-04-17 23:58:42,-27.2812,27.9709,52.56,93,100,5.61,overcast clouds
289,Bengkulu,ID,2022-04-17 23:58:42,-3.8004,102.2655,76.6,91,93,4.27,overcast clouds
290,Karratha,AU,2022-04-17 23:58:43,-20.7377,116.8463,84.22,35,25,22.44,scattered clouds
291,Cidreira,BR,2022-04-17 23:58:43,-30.1811,-50.2056,67.23,73,85,11.18,overcast clouds
292,Kosh-Agach,RU,2022-04-17 23:58:43,50.0,88.6667,33.93,40,83,1.59,broken clouds
293,Ocos,GT,2022-04-17 23:49:03,14.5094,-92.1933,84.47,66,57,9.84,broken clouds
294,Richards Bay,ZA,2022-04-17 23:58:44,-28.783,32.0377,63.09,91,100,3.49,overcast clouds
295,Hazaribag,IN,2022-04-17 23:58:44,23.9833,85.35,75.92,12,0,3.85,clear sky
296,Kudahuvadhoo,MV,2022-04-17 23:58:44,2.6708,72.8944,83.86,65,82,10.8,broken clouds
297,Constitucion,CL,2022-04-17 23:56:34,-35.3333,-72.4167,51.3,94,47,5.86,scattered clouds
298,Boyuibe,BO,2022-04-17 23:58:45,-20.4167,-63.2833,58.87,62,56,4.14,broken clouds
299,Bara,NG,2022-04-17 23:58:45,10.3744,10.7288,85.08,53,94,6.93,overcast clouds
300,Lompoc,US,2022-04-17 23:58:45,34.6391,-120.4579,70.7,67,35,28.99,scattered clouds
301,Sisimiut,GL,2022-04-17 23:58:46,66.9395,-53.6735,18.54,79,100,5.1,overcast clouds
302,Nogliki,RU,2022-04-17 23:55:08,51.8333,143.1667,29.35,89,99,5.93,overcast clouds
303,Esna,EG,2022-04-17 23:58:46,25.2934,32.554,77.02,11,39,5.03,scattered clouds
304,Hualmay,PE,2022-04-17 23:58:46,-11.0964,-77.6139,66.36,86,7,10.8,clear sky
305,Petauke,ZM,2022-04-17 23:58:47,-14.2426,31.3253,64.51,93,8,7.11,clear sky
306,Villa Del Rosario,CO,2022-04-17 23:58:47,7.8339,-72.4742,77.38,83,40,4.61,scattered clouds
307,Gondanglegi,ID,2022-04-17 23:58:47,-7.7479,112.0132,78.78,89,75,2.28,broken clouds
308,Muros,ES,2022-04-17 23:58:48,42.7762,-9.0603,57.83,78,31,11.65,scattered clouds
309,Ruteng,ID,2022-04-17 23:58:48,-8.6136,120.4721,69.08,81,83,1.7,broken clouds
310,Longyearbyen,SJ,2022-04-17 23:58:48,78.2186,15.6401,21.04,86,75,12.66,broken clouds
311,Cockburn Town,TC,2022-04-17 23:58:48,21.4612,-71.1419,78.76,78,75,9.22,broken clouds
312,Uwajima,JP,2022-04-17 23:58:49,33.2238,132.56,62.94,50,100,0.74,overcast clouds
313,Cajuru,BR,2022-04-17 23:58:49,-21.2753,-47.3042,64.9,69,78,4.63,broken clouds
314,San Juan,AR,2022-04-17 23:58:25,-31.5375,-68.5364,68.59,35,1,6.71,clear sky
315,Velyka Bilozerka,UA,2022-04-17 23:58:49,47.2776,34.7062,42.22,91,100,12.01,moderate rain
316,Maliq,AL,2022-04-17 23:58:50,40.7058,20.6997,40.24,96,100,6.08,overcast clouds
317,Mahanoro,MG,2022-04-17 23:58:50,-19.9,48.8,73.78,89,47,1.61,light rain
318,Nelson Bay,AU,2022-04-17 23:58:50,-32.7167,152.15,73.09,77,24,4.05,few clouds
319,Ayan,RU,2022-04-17 23:59:50,56.45,138.1667,29.01,80,42,4.45,scattered clouds
320,Hithadhoo,MV,2022-04-17 23:59:51,-0.6,73.0833,82.58,76,60,7.31,broken clouds
321,Hami,CN,2022-04-17 23:59:51,42.8,93.45,53.91,19,0,6.15,clear sky
322,Kimbe,PG,2022-04-17 23:59:51,-5.5502,150.1429,84.38,72,99,2.19,overcast clouds
323,Elkhart,US,2022-04-17 23:58:03,41.5823,-85.8344,45.73,51,81,9.01,broken clouds
324,Bacolod,PH,2022-04-17 23:59:52,10.6667,122.95,82.29,74,50,8.72,scattered clouds
325,Nassau,US,2022-04-17 23:59:52,40.7507,-73.5829,47.44,42,75,5.01,broken clouds
326,Nantucket,US,2022-04-17 23:59:52,41.2835,-70.0995,43.14,66,42,17.87,scattered clouds
327,Kawalu,ID,2022-04-17 23:59:53,-7.3817,108.2082,75.6,90,96,1.99,overcast clouds
328,Viedma,AR,2022-04-17 23:59:53,-40.8135,-62.9967,59.13,77,1,10.87,clear sky
329,Motygino,RU,2022-04-17 23:59:53,58.1831,94.7592,37.51,85,100,10.89,overcast clouds
330,Svetlaya,RU,2022-04-17 23:50:14,46.5389,138.3297,43.0,51,14,6.38,few clouds
331,Cap-Aux-Meules,CA,2022-04-17 23:59:54,47.3821,-61.8597,35.65,93,75,24.16,broken clouds
332,Dong Hoi,VN,2022-04-17 23:59:54,17.4833,106.6,74.86,93,90,10.49,overcast clouds
333,Kovur,IN,2022-04-17 23:59:54,14.4833,79.9833,80.04,85,39,5.73,scattered clouds
334,Zeya,RU,2022-04-17 23:59:55,53.75,127.2667,36.48,56,81,5.88,broken clouds
335,Bocana De Paiwas,NI,2022-04-17 23:59:55,12.7857,-85.1227,86.02,40,60,11.3,broken clouds
336,Ca Mau,VN,2022-04-17 23:56:42,9.1769,105.15,82.22,75,39,6.69,scattered clouds
337,Kannad,IN,2022-04-17 23:59:55,20.2667,75.1333,79.29,28,0,6.85,clear sky
338,Kidal,ML,2022-04-17 23:59:56,18.4411,1.4078,75.61,20,73,10.22,broken clouds
339,Banda Aceh,ID,2022-04-17 23:55:03,5.5577,95.3222,79.12,81,87,5.17,overcast clouds
340,Farmington,US,2022-04-17 23:58:16,36.7281,-108.2187,72.16,13,0,7.0,clear sky
341,Olinda,BR,2022-04-17 23:55:16,-8.0089,-34.8553,83.93,70,20,6.91,few clouds
342,Sorland,NO,2022-04-17 23:59:56,67.667,12.6934,43.02,84,100,18.41,overcast clouds
343,Nador,MA,2022-04-17 23:59:56,35.174,-2.9287,62.85,72,0,0.0,clear sky
344,Chateaudun,FR,2022-04-17 23:59:57,48.0833,1.3333,52.95,85,100,4.43,overcast clouds
345,Doha,QA,2022-04-17 23:55:44,25.2867,51.5333,78.78,23,0,11.5,clear sky
346,Ordu,TR,2022-04-17 23:59:57,40.9086,37.6845,51.12,50,100,9.19,overcast clouds
347,Waldkirch,DE,2022-04-17 23:59:57,48.0959,7.9637,45.84,51,0,6.06,clear sky
348,Ambilobe,MG,2022-04-17 23:59:58,-13.2,49.05,71.38,90,49,3.18,scattered clouds
349,Caraballeda,VE,2022-04-17 23:59:58,10.6112,-66.8522,82.47,74,75,2.3,broken clouds
350,Ajaccio,FR,2022-04-17 23:59:58,42.0,8.9167,46.45,76,0,8.05,clear sky
351,Kavaratti,IN,2022-04-17 23:55:40,10.5669,72.642,82.96,72,52,3.31,broken clouds
352,Tahoua,NE,2022-04-17 23:59:59,14.8888,5.2692,81.77,10,52,10.98,broken clouds
353,Villacarrillo,ES,2022-04-17 23:59:59,38.1156,-3.0848,60.33,41,96,1.07,overcast clouds
354,Viesca,MX,2022-04-17 23:59:59,25.35,-102.8,94.66,5,67,10.45,broken clouds
355,Quatre Cocos,MU,2022-04-17 23:59:59,-20.2078,57.7625,77.11,87,36,12.91,light rain
356,Oranjestad,AW,2022-04-17 23:56:14,12.524,-70.027,80.55,74,20,25.32,few clouds
357,Kota Bahru,MY,2022-04-18 00:00:00,6.1333,102.2386,78.75,94,40,1.14,light rain
358,San Martin,AR,2022-04-18 00:00:01,-33.081,-68.4681,65.91,36,0,8.43,clear sky
359,Calama,CL,2022-04-18 00:00:03,-22.4667,-68.9333,52.02,16,0,4.43,clear sky
360,Cabo San Lucas,MX,2022-04-18 00:00:01,22.8909,-109.9124,89.62,49,49,9.73,scattered clouds
361,Beringovskiy,RU,2022-04-17 23:50:17,63.05,179.3167,31.28,99,100,8.93,light snow
362,Yanam,IN,2022-04-18 00:00:04,16.7333,82.2167,75.13,87,74,3.67,broken clouds
363,Stephenville,US,2022-04-18 00:00:06,32.2207,-98.2023,82.53,29,0,9.22,clear sky
364,Ulaangom,MN,2022-04-18 00:00:07,49.9811,92.0667,42.12,35,12,2.39,few clouds
365,Misratah,LY,2022-04-18 00:00:10,32.3754,15.0925,61.09,76,1,12.44,clear sky
366,Kysyl-Syr,RU,2022-04-18 00:00:11,63.8986,122.7617,27.77,96,100,14.14,snow
367,Simao,CN,2022-04-18 00:01:11,22.7886,100.9748,63.21,88,61,1.88,broken clouds
368,Port-Gentil,GA,2022-04-18 00:01:12,-0.7193,8.7815,80.67,84,100,9.35,light rain
369,Takoradi,GH,2022-04-18 00:01:12,4.8845,-1.7554,78.78,86,95,8.12,overcast clouds
370,La Ronge,CA,2022-04-18 00:01:12,55.1001,-105.2842,30.45,85,100,1.83,light snow
371,Vostok,RU,2022-04-18 00:00:53,46.4856,135.8833,36.36,55,37,8.79,scattered clouds
372,Trinidad,BO,2022-04-18 00:01:13,-14.8333,-64.9,67.12,72,9,4.74,clear sky
373,Ust-Kuyga,RU,2022-04-18 00:01:13,70.0167,135.6,15.53,86,63,5.7,broken clouds
374,Inta,RU,2022-04-18 00:01:14,66.0317,60.1659,28.76,94,82,14.07,broken clouds
375,Mount Isa,AU,2022-04-18 00:01:14,-20.7333,139.5,83.97,23,0,9.22,clear sky
376,Kamyaran,IR,2022-04-18 00:01:14,34.7956,46.9355,46.83,43,0,5.7,clear sky
377,Athabasca,CA,2022-04-17 23:59:42,54.7169,-113.2854,38.7,38,97,1.7,overcast clouds
378,Pecos,US,2022-04-18 00:01:15,31.4229,-103.4932,90.43,3,40,4.61,scattered clouds
379,Namatanai,PG,2022-04-18 00:01:15,-3.6667,152.4333,85.37,66,94,11.32,overcast clouds
380,Washougal,US,2022-04-18 00:01:15,45.5826,-122.3534,60.31,51,100,11.5,overcast clouds
381,Comodoro Rivadavia,AR,2022-04-17 23:59:32,-45.8667,-67.5,66.06,42,0,12.66,clear sky
382,Dabat,ET,2022-04-18 00:01:16,12.9842,37.765,60.01,61,98,1.12,overcast clouds
383,Keningau,MY,2022-04-18 00:01:16,5.3378,116.1602,76.32,88,74,2.1,broken clouds
384,Weiser,US,2022-04-18 00:00:41,44.251,-116.9693,44.65,60,99,8.86,overcast clouds
385,Tucuma,BR,2022-04-18 00:01:16,-0.1833,-50.05,75.88,91,91,5.26,overcast clouds
386,Kruisfontein,ZA,2022-04-18 00:01:17,-34.0033,24.7314,60.89,84,50,4.9,scattered clouds
387,Nakambala,ZM,2022-04-18 00:01:17,-15.8324,27.7799,63.16,86,11,5.03,few clouds
388,Colesberg,ZA,2022-04-18 00:01:18,-30.72,25.0972,55.89,63,8,4.05,clear sky
389,Marsabit,KE,2022-04-18 00:01:18,2.3284,37.9899,66.52,80,100,12.64,overcast clouds
390,Mount Lebanon,US,2022-04-18 00:01:19,40.3554,-80.0495,43.84,49,0,4.61,clear sky
391,Kerema,PG,2022-04-18 00:01:19,-7.9631,145.7785,84.63,67,68,3.69,broken clouds
392,Swan River,CA,2022-04-18 00:01:20,52.1058,-101.2676,27.45,87,100,1.97,overcast clouds
393,Carndonagh,IE,2022-04-18 00:01:20,55.25,-7.2667,44.11,95,87,9.19,overcast clouds
394,Mantua,IT,2022-04-17 23:58:15,45.1667,10.7833,47.44,68,38,1.99,scattered clouds
395,French Harbor,HN,2022-04-18 00:01:21,16.35,-86.4333,80.08,79,53,1.01,broken clouds
396,Dukat,RU,2022-04-18 00:01:21,62.55,155.55,18.7,80,96,1.83,overcast clouds
397,Copiapo,CL,2022-04-18 00:00:29,-27.3667,-70.3333,64.26,64,0,0.72,clear sky
398,Olecko,PL,2022-04-17 23:59:08,54.0337,22.507,32.45,71,28,7.29,scattered clouds
399,Bay Roberts,CA,2022-04-18 00:01:22,47.5999,-53.2648,53.65,95,100,4.0,overcast clouds
400,Khatanga,RU,2022-04-18 00:00:35,71.9667,102.5,6.3,95,98,13.18,overcast clouds
401,Matara,LK,2022-04-18 00:01:23,5.9485,80.5353,78.89,85,99,5.03,overcast clouds
402,Awjilah,LY,2022-04-18 00:01:23,29.1081,21.2869,61.83,76,92,14.03,overcast clouds
403,Porto Novo,BJ,2022-04-18 00:01:23,6.4965,2.6036,74.1,86,100,7.34,moderate rain
404,Kargasok,RU,2022-04-18 00:01:24,59.0556,80.8572,25.56,83,22,9.17,few clouds
405,Kapoeta,SS,2022-04-18 00:01:24,4.7717,33.5903,79.84,55,99,3.87,light rain
406,Matay,EG,2022-04-18 00:00:36,28.419,30.7792,82.81,11,87,5.21,overcast clouds
407,Surgut,RU,2022-04-18 00:01:25,61.25,73.4167,15.98,92,0,0.0,clear sky
408,Ocean City,US,2022-04-18 00:00:22,39.2776,-74.5746,48.99,40,43,8.99,scattered clouds
409,Zaprudnya,RU,2022-04-18 00:01:25,56.5667,37.4333,27.75,88,11,4.76,few clouds
410,Lodwar,KE,2022-04-18 00:01:26,3.1191,35.5973,82.4,58,99,4.54,light rain
411,Srandakan,ID,2022-04-18 00:02:26,-7.9386,110.2506,79.45,83,98,3.89,overcast clouds
412,Caravelas,BR,2022-04-18 00:02:26,-17.7125,-39.2481,78.03,62,100,10.83,overcast clouds
413,Okato,NZ,2022-04-18 00:02:27,-39.2,173.8833,65.91,62,100,6.96,overcast clouds
414,Olafsvik,IS,2022-04-18 00:02:27,64.8945,-23.7142,41.97,69,97,9.8,overcast clouds
415,Sawakin,SD,2022-04-18 00:02:27,19.1059,37.3321,80.06,42,2,1.23,clear sky
416,Constantine,DZ,2022-04-17 23:59:02,36.365,6.6147,45.81,81,20,6.91,few clouds
417,Vao,NC,2022-04-18 00:02:28,-22.6667,167.4833,76.98,71,32,5.37,scattered clouds
418,Araouane,ML,2022-04-18 00:02:28,18.9048,-3.5265,74.75,23,0,8.68,clear sky
419,Khuzhir,RU,2022-04-18 00:02:28,53.1939,107.3397,40.51,74,90,9.13,overcast clouds
420,Znamenskoye,RU,2022-04-18 00:02:29,57.1281,73.8282,30.6,95,37,2.64,scattered clouds
421,Kangaatsiaq,GL,2022-04-18 00:02:29,68.3065,-53.4641,7.23,94,100,5.73,overcast clouds
422,Lauchhammer,DE,2022-04-18 00:02:29,51.5,13.8,42.33,88,57,3.42,broken clouds
423,Poboru,RO,2022-04-18 00:02:30,44.6667,24.5,37.62,97,100,6.42,overcast clouds
424,Henties Bay,NA,2022-04-18 00:02:30,-22.116,14.2845,61.7,78,6,5.01,clear sky
425,Dakar,SN,2022-04-18 00:00:35,14.6937,-17.4441,67.08,89,32,19.66,scattered clouds
426,Chekhov,RU,2022-04-18 00:02:30,55.1431,37.4711,33.85,93,35,7.31,scattered clouds
427,Catamarca,AR,2022-04-18 00:02:31,-28.4696,-65.7852,62.58,70,18,10.02,few clouds
428,Awallan,PH,2022-04-18 00:02:31,17.9244,121.913,76.75,85,100,3.4,overcast clouds
429,Kropotkin,RU,2022-04-18 00:02:31,45.4375,40.5756,53.24,74,96,7.52,overcast clouds
430,Camacupa,AO,2022-04-18 00:02:31,-12.0167,17.4833,60.69,98,100,3.22,light rain
431,Suoyarvi,RU,2022-04-18 00:02:32,62.0833,32.35,34.32,97,100,2.68,overcast clouds
432,Hokitika,NZ,2022-04-18 00:02:32,-42.7167,170.9667,61.99,57,0,2.93,clear sky
433,North Battleford,CA,2022-04-18 00:00:29,52.7834,-108.2847,38.41,52,68,6.51,broken clouds
434,Aksu,CN,2022-04-18 00:02:32,41.1231,80.2644,54.07,18,56,5.7,broken clouds
435,Kadaya,RU,2022-04-18 00:02:33,50.9327,119.2911,43.83,40,100,6.38,overcast clouds
436,Bodden Town,KY,2022-04-18 00:02:33,19.2833,-81.25,82.0,71,0,2.28,clear sky
437,Katsuura,JP,2022-04-18 00:02:33,35.1333,140.3,63.05,67,89,11.14,overcast clouds
438,Novopokrovka,UA,2022-04-18 00:02:34,49.8425,36.5477,43.36,87,100,6.64,overcast clouds
439,Soure,BR,2022-04-18 00:02:34,-0.7167,-48.5233,78.48,84,100,6.08,light rain
440,Pozo Colorado,PY,2022-04-18 00:02:34,-23.4923,-58.7972,65.07,63,78,2.3,broken clouds
441,Pimentel,PE,2022-04-18 00:02:35,-6.8367,-79.9342,66.79,83,6,13.56,clear sky
442,Meschede,DE,2022-04-18 00:02:35,51.35,8.2833,44.74,76,2,5.82,clear sky
443,Jumla,NP,2022-04-18 00:02:35,29.2747,82.1838,48.54,57,50,4.41,scattered clouds
444,Shebunino,RU,2022-04-18 00:02:36,46.4339,141.8603,42.85,73,75,9.44,broken clouds
445,Rock Sound,BS,2022-04-17 23:59:58,24.9,-76.2,76.35,80,79,15.84,broken clouds
446,Boundiali,CI,2022-04-18 00:02:36,9.5217,-6.4869,76.64,70,100,4.88,overcast clouds
447,Svetlyy,RU,2022-04-18 00:02:36,54.675,20.1347,38.97,76,31,5.01,scattered clouds
448,Wahpeton,US,2022-04-18 00:02:37,46.2652,-96.6059,33.82,86,100,26.46,overcast clouds
449,Lunenburg,CA,2022-04-18 00:02:37,44.3835,-64.3155,43.48,61,48,11.77,scattered clouds
450,Stokmarknes,NO,2022-04-18 00:02:37,68.5646,14.9108,42.78,75,75,2.3,broken clouds
451,San Cristobal,VE,2022-04-18 00:02:37,7.7669,-72.225,66.29,97,96,2.8,overcast clouds
452,Tutoia,BR,2022-04-18 00:02:38,-2.7619,-42.2744,77.72,89,100,6.8,overcast clouds
453,Bilma,NE,2022-04-18 00:03:38,18.6853,12.9164,80.13,12,34,7.25,scattered clouds
454,Calabozo,VE,2022-04-18 00:03:38,8.9242,-67.4293,77.52,79,100,8.25,overcast clouds
455,Okhotsk,RU,2022-04-18 00:03:39,59.3833,143.3,24.39,76,100,6.04,overcast clouds
456,Bulgan,MN,2022-04-18 00:03:39,48.8125,103.5347,41.97,48,12,5.03,few clouds
457,Mamallapuram,IN,2022-04-18 00:03:39,12.6264,80.1722,85.05,74,56,2.28,broken clouds
458,Mgachi,RU,2022-04-18 00:03:39,51.05,142.2667,33.26,73,92,3.53,overcast clouds
459,Dickinson,US,2022-04-18 00:03:40,29.4608,-95.0513,84.36,75,20,12.66,few clouds
460,Goderich,CA,2022-04-18 00:03:40,43.7501,-81.7165,34.92,69,14,10.58,few clouds
461,Venezuela,VE,2022-04-18 00:03:40,8.0,-66.0,89.46,44,99,10.25,overcast clouds
462,Nuuk,GL,2022-04-18 00:01:34,64.1835,-51.7216,23.88,85,100,4.0,overcast clouds
463,Berlevag,NO,2022-04-18 00:03:41,70.8578,29.0864,42.6,94,100,16.51,overcast clouds
464,Khash,IR,2022-04-18 00:03:41,28.2211,61.2158,64.83,39,6,2.75,clear sky
465,Yuli,NG,2022-04-18 00:03:41,9.6989,10.2744,82.83,57,94,3.18,light rain
466,Kargat,RU,2022-04-18 00:03:42,55.1956,80.2811,36.01,88,2,6.2,clear sky
467,Kichera,RU,2022-04-18 00:03:42,55.9375,110.0997,37.02,100,100,3.0,overcast clouds
468,Port Macquarie,AU,2022-04-18 00:03:42,-31.4333,152.9167,73.89,68,13,4.09,few clouds
469,Amparafaravola,MG,2022-04-18 00:03:43,-17.5833,48.2167,63.34,97,29,4.92,scattered clouds
470,Omsukchan,RU,2022-04-18 00:03:43,62.5333,155.8,20.86,80,99,2.24,overcast clouds
471,Cleveland,US,2022-04-18 00:02:35,41.4995,-81.6954,41.38,66,0,16.11,clear sky
472,Kieta,PG,2022-04-18 00:00:38,-6.2167,155.6333,82.85,74,70,2.73,light rain
473,Tumba,SE,2022-04-18 00:03:43,59.1986,17.8332,40.28,80,72,3.44,broken clouds
474,Ilulissat,GL,2022-04-18 00:03:44,69.2167,-51.1,14.02,73,40,5.75,scattered clouds
475,Huntsville,US,2022-04-18 00:03:44,34.7304,-86.5861,65.34,78,0,7.0,clear sky
476,Atyrau,KZ,2022-04-18 00:03:44,47.1167,51.8833,44.62,87,0,4.47,clear sky
477,Tautira,PF,2022-04-18 00:01:24,-17.7333,-149.15,81.37,72,23,11.88,light rain
478,Matamba,TZ,2022-04-18 00:03:45,-8.9833,33.9667,54.3,95,47,4.76,scattered clouds
479,Emerald,AU,2022-04-18 00:03:45,-23.5333,148.1667,76.33,50,0,9.91,clear sky
480,Beyneu,KZ,2022-04-18 00:03:45,45.3167,55.2,59.67,40,1,7.09,clear sky
481,Cam Ranh,VN,2022-04-18 00:02:16,11.9214,109.1591,78.76,73,20,6.91,few clouds
482,Hirara,JP,2022-04-18 00:03:46,24.8,125.2833,70.52,68,73,7.34,broken clouds
483,New Plymouth,NZ,2022-04-18 00:03:13,-39.0667,174.0833,66.56,62,100,1.01,light rain
484,Sayhat,SA,2022-04-18 00:03:46,26.4852,50.0405,68.2,27,23,12.5,few clouds
485,Kloulklubed,PW,2022-04-18 00:03:46,7.0419,134.2556,82.9,74,95,2.75,overcast clouds
486,Kodinsk,RU,2022-04-18 00:03:47,58.6881,99.1844,39.56,83,87,12.5,overcast clouds
487,Shieli,KZ,2022-04-18 00:03:47,44.1667,66.75,64.06,51,100,12.48,overcast clouds
488,Mackenzie,CA,2022-04-18 00:03:47,55.2999,-123.1698,40.82,53,100,4.36,overcast clouds
489,Yar-Sale,RU,2022-04-18 00:03:48,66.8333,70.8333,11.62,85,98,7.85,overcast clouds
490,Navolato,MX,2022-04-18 00:03:48,24.7672,-107.6944,94.64,43,43,14.72,scattered clouds
491,Polovinnoye,RU,2022-04-18 00:03:48,54.7914,65.9864,37.31,70,82,5.61,broken clouds
492,Pudozh,RU,2022-04-18 00:03:49,61.8099,36.5345,33.82,100,100,3.94,overcast clouds
493,Havre-Saint-Pierre,CA,2022-04-18 00:03:49,50.2334,-63.5986,35.96,93,100,12.66,overcast clouds
494,Launceston,AU,2022-04-18 00:01:32,-41.45,147.1667,60.44,95,40,3.44,moderate rain
495,Gasa,PS,2022-04-18 00:03:49,31.5,34.4667,81.95,17,2,21.9,clear sky
496,Taoudenni,ML,2022-04-18 00:03:49,22.6783,-3.9836,76.73,23,1,9.08,clear sky
497,Bubaque,GW,2022-04-18 00:03:50,11.2833,-15.8333,74.95,77,32,17.67,scattered clouds
498,Diapaga,BF,2022-04-18 00:03:50,12.0708,1.7889,90.14,12,100,7.45,overcast clouds
499,Ellisras,ZA,2022-04-18 00:04:50,-23.6649,27.7443,62.49,85,99,5.23,overcast clouds
500,Port Hedland,AU,2022-04-18 00:04:51,-20.3167,118.5667,86.05,28,23,17.27,few clouds
501,Boden,SE,2022-04-18 00:04:19,65.8252,21.6886,30.2,100,100,2.3,overcast clouds
502,Aksarka,RU,2022-04-18 00:04:51,66.5606,67.7975,14.97,89,89,8.77,overcast clouds
503,Tezu,IN,2022-04-18 00:04:51,27.9167,96.1667,60.69,95,100,6.53,light rain
504,Coahuayana,MX,2022-04-18 00:04:52,18.7333,-103.6833,81.36,61,63,4.92,broken clouds
505,Port Blair,IN,2022-04-18 00:04:52,11.6667,92.75,80.83,76,86,2.68,overcast clouds
506,Delicias,ES,2022-04-18 00:04:52,41.6493,-0.9076,60.87,64,0,17.27,clear sky
507,Tigil,RU,2022-04-18 00:04:53,57.8,158.6667,26.33,92,100,9.33,light snow
508,Nhulunbuy,AU,2022-04-18 00:04:53,-12.2333,136.7667,77.61,94,75,10.36,moderate rain
509,Maningrida,AU,2022-04-18 00:04:53,-12.0667,134.2667,79.0,73,100,11.23,overcast clouds
510,Belaya Gora,RU,2022-04-18 00:04:53,68.5333,146.4167,15.66,90,99,3.56,overcast clouds
511,Yeppoon,AU,2022-04-18 00:04:54,-23.1333,150.7333,76.78,66,48,12.57,scattered clouds
512,Urengoy,RU,2022-04-18 00:04:54,65.9667,78.3667,12.45,96,100,9.51,overcast clouds
513,Yerbogachen,RU,2022-04-18 00:04:54,61.2767,108.0108,34.72,82,97,12.95,light snow
514,Syamzha,RU,2022-04-18 00:04:55,60.0158,41.0614,28.67,96,98,3.62,overcast clouds
515,Sterling,US,2022-04-18 00:04:55,39.0062,-77.4286,51.8,40,40,8.05,scattered clouds
516,Aasiaat,GL,2022-04-18 00:04:55,68.7098,-52.8699,4.8,99,82,5.19,broken clouds
517,Vilyuysk,RU,2022-04-18 00:04:56,63.7553,121.6247,29.93,97,100,12.33,snow
518,Khammam,IN,2022-04-18 00:02:36,17.25,80.15,79.29,79,56,5.64,broken clouds
519,Claudio,BR,2022-04-18 00:04:56,-20.4433,-44.7658,61.14,80,6,4.74,clear sky
520,Paka,MY,2022-04-18 00:04:56,4.6374,103.4368,80.02,82,75,1.66,broken clouds
521,Shimanovsk,RU,2022-04-18 00:02:30,52.0,127.7,39.9,40,8,8.88,clear sky
522,Ahuimanu,US,2022-04-18 00:04:57,21.4447,-157.8378,82.11,70,75,18.41,broken clouds
523,Sabang,ID,2022-04-18 00:04:57,5.8933,95.3214,83.08,71,89,6.29,overcast clouds
524,Korla,CN,2022-04-18 00:04:57,41.7597,86.1469,54.28,17,1,7.94,clear sky
525,Zhangjiakou,CN,2022-04-18 00:04:58,40.81,114.8794,50.7,45,15,4.25,few clouds
526,Talnakh,RU,2022-04-18 00:04:58,69.4865,88.3972,4.21,96,100,4.83,light snow
527,Moerai,PF,2022-04-18 00:04:58,-22.4333,-151.3333,79.56,71,4,3.78,clear sky
528,Margate,GB,2022-04-18 00:01:38,51.3813,1.3862,53.69,78,100,3.0,overcast clouds
529,Naze,JP,2022-04-18 00:04:59,28.3667,129.4833,65.46,58,44,6.73,scattered clouds
530,Nioro,GM,2022-04-18 00:04:59,13.35,-15.75,78.69,44,8,8.46,clear sky
531,Goldap,PL,2022-04-18 00:04:59,54.3063,22.3036,31.6,74,18,6.08,few clouds
532,Burnie,AU,2022-04-18 00:04:59,-41.0667,145.9167,59.04,79,100,7.56,overcast clouds
533,Vanavara,RU,2022-04-18 00:05:00,60.34,102.2797,35.82,76,90,11.77,overcast clouds
534,Ossora,RU,2022-04-18 00:05:00,59.2353,163.0719,29.34,75,28,1.3,scattered clouds
535,Santarem,BR,2022-04-18 00:01:40,-2.4431,-54.7083,74.52,98,100,2.39,moderate rain
536,Oistins,BB,2022-04-18 00:05:00,13.0667,-59.5333,78.89,73,75,18.41,broken clouds
537,Hengshui,CN,2022-04-18 00:05:01,37.7322,115.7011,58.3,34,81,3.96,broken clouds
538,Worcester,US,2022-04-18 00:00:27,42.3334,-71.8328,43.23,51,66,5.01,broken clouds
539,Algiers,DZ,2022-04-18 00:01:26,36.7525,3.042,49.82,100,0,3.44,clear sky
540,Waipawa,NZ,2022-04-18 00:05:01,-41.4122,175.5153,59.22,63,65,13.82,broken clouds
541,Newport,GB,2022-04-18 00:00:02,51.5877,-2.9984,51.91,85,74,10.56,broken clouds
542,Madimba,TZ,2022-04-18 00:05:02,-10.4,40.3333,74.25,95,9,7.81,light rain
543,Tura,IN,2022-04-18 00:05:03,25.5198,90.2201,67.84,86,0,5.01,light rain
544,Honjo,JP,2022-04-18 00:05:04,36.2333,139.1833,56.95,62,67,2.44,light rain
545,Malatya,TR,2022-04-18 00:05:04,38.5,38.0,46.45,57,75,2.3,broken clouds
546,Lazurne,UA,2022-04-18 00:06:05,46.084,32.5295,42.13,92,100,21.34,light rain
547,Zlatica,ME,2022-04-18 00:06:05,43.1146,19.2668,27.46,96,100,8.43,light snow
548,Ugento,IT,2022-04-18 00:06:05,39.9263,18.1574,52.47,86,100,18.97,overcast clouds
549,Carauari,BR,2022-04-18 00:06:06,-4.8828,-66.8958,74.97,98,97,2.95,overcast clouds
550,Yelizovo,RU,2022-04-18 00:06:06,53.1873,158.3805,35.74,43,75,4.47,broken clouds
551,Zyryanka,RU,2022-04-18 00:06:06,65.75,150.85,18.32,89,100,6.08,overcast clouds
552,Posse,BR,2022-04-18 00:05:40,-14.0931,-46.3694,71.28,76,69,7.54,broken clouds
553,Tabas,IR,2022-04-18 00:06:07,33.5959,56.9244,62.49,42,67,8.95,broken clouds
554,Venado Tuerto,AR,2022-04-18 00:06:07,-33.7456,-61.9688,62.76,62,15,7.63,few clouds
555,Tenenkou,ML,2022-04-18 00:06:07,14.4572,-4.9169,82.89,14,17,9.98,few clouds
556,Tocopilla,CL,2022-04-18 00:06:08,-22.092,-70.1979,63.91,78,22,4.72,few clouds
557,Chake Chake,TZ,2022-04-18 00:06:08,-5.2459,39.7666,77.47,89,62,8.23,light rain
558,Concepcion,CL,2022-04-18 00:01:20,-36.827,-73.0498,53.38,90,81,3.2,broken clouds
559,Mabaruma,GY,2022-04-18 00:06:08,8.2,-59.7833,73.83,89,33,4.54,scattered clouds
560,Vuktyl,RU,2022-04-18 00:06:09,63.8567,57.3094,24.89,96,70,6.38,broken clouds
561,Surt,LY,2022-04-18 00:06:09,31.2089,16.5887,60.91,76,0,10.98,clear sky
562,Buta,CD,2022-04-18 00:06:09,2.7858,24.73,69.6,98,98,2.37,light rain
563,Molina,CL,2022-04-18 00:06:10,-35.1167,-71.2833,58.91,55,18,0.96,few clouds
564,Qaqortoq,GL,2022-04-18 00:06:10,60.7167,-46.0333,27.0,89,69,3.02,broken clouds
565,Prado,BR,2022-04-18 00:06:10,-17.3411,-39.2208,77.25,68,100,11.23,overcast clouds
566,Praia,CV,2022-04-18 00:06:11,14.9215,-23.5087,70.02,80,9,13.96,clear sky
567,Wajima,JP,2022-04-18 00:06:11,37.4,136.9,55.42,52,100,4.99,overcast clouds
568,Verkhoyansk,RU,2022-04-18 00:06:11,67.5447,133.385,14.74,81,60,2.68,broken clouds
569,Batagay,RU,2022-04-18 00:06:12,67.6333,134.6333,17.24,82,42,6.24,scattered clouds
570,Toropets,RU,2022-04-18 00:06:12,56.4978,31.6353,26.4,91,13,4.38,few clouds
571,Mier,MX,2022-04-18 00:06:12,26.4333,-99.15,95.65,33,17,13.42,few clouds
572,Te Anau,NZ,2022-04-18 00:06:12,-45.4167,167.7167,60.22,57,24,3.8,few clouds
573,Santa Maria,BR,2022-04-18 00:06:13,-29.6842,-53.8069,58.57,91,45,5.57,scattered clouds
574,Oktyabrskiy,RU,2022-04-18 00:06:13,54.4815,53.471,42.1,82,97,5.84,overcast clouds
575,Cabedelo,BR,2022-04-18 00:06:13,-6.9811,-34.8339,79.47,77,83,9.19,broken clouds
576,Goias,BR,2022-04-18 00:01:40,-15.5807,-49.6362,70.77,76,100,3.58,overcast clouds
577,Bibiani,GH,2022-04-18 00:06:14,6.4635,-2.3194,72.88,98,100,2.15,light rain
578,Worthington,US,2022-04-18 00:04:32,40.0931,-83.018,47.98,42,0,10.36,clear sky
579,Tuatapere,NZ,2022-04-18 00:06:14,-46.1333,167.6833,59.49,61,10,3.18,clear sky
580,Anadyr,RU,2022-04-18 00:06:14,64.75,177.4833,32.5,86,75,24.61,light snow
581,Tonstad,NO,2022-04-18 00:06:15,58.6626,6.7169,34.2,78,80,4.14,broken clouds
582,Sur,OM,2022-04-18 00:06:14,22.5667,59.5289,86.04,42,1,9.48,clear sky
583,Wakkanai,JP,2022-04-18 00:06:15,45.4094,141.6739,48.18,61,75,12.66,light intensity shower rain
584,Ivanava,BY,2022-04-18 00:06:15,52.1451,25.5365,31.59,79,43,7.47,scattered clouds
585,Hinton,CA,2022-04-18 00:06:16,53.4001,-117.5857,35.76,69,100,4.05,overcast clouds
586,Zhezkazgan,KZ,2022-04-18 00:06:16,47.8043,67.7144,55.6,63,100,14.34,overcast clouds
587,Juneau,US,2022-04-18 00:03:12,58.3019,-134.4197,46.4,56,75,6.91,broken clouds
588,Paamiut,GL,2022-04-18 00:06:17,61.994,-49.6678,25.84,84,97,1.12,overcast clouds
589,Solnechnyy,RU,2022-04-18 00:06:17,50.7214,136.6319,31.82,82,97,1.59,overcast clouds
590,Na Klang,TH,2022-04-18 00:06:17,17.3072,102.1889,76.51,82,75,3.83,light rain
591,San Andres,CO,2022-04-18 00:06:18,12.5847,-81.7006,82.42,74,20,6.91,few clouds
592,Mitsamiouli,KM,2022-04-18 00:06:18,-11.3847,43.2844,81.21,72,4,7.23,clear sky
593,Provins,FR,2022-04-18 00:06:19,48.5833,3.1667,47.25,77,78,7.27,broken clouds
594,Broken Hill,AU,2022-04-18 00:07:19,-31.95,141.4333,75.81,30,100,7.99,overcast clouds
595,Aripuana,BR,2022-04-18 00:07:19,-9.1667,-60.6333,72.99,98,77,2.48,broken clouds
596,Beloha,MG,2022-04-18 00:07:20,-25.1667,45.05,73.36,88,88,10.85,overcast clouds
597,Conde,BR,2022-04-18 00:07:20,-7.2597,-34.9075,78.26,89,20,4.61,few clouds
598,Marrakesh,MA,2022-04-18 00:07:20,31.6315,-8.0083,73.47,35,0,2.3,clear sky
599,Braco Do Norte,BR,2022-04-18 00:07:21,-28.275,-49.1656,62.42,86,82,1.12,broken clouds
600,Mujiayingzi,CN,2022-04-18 00:07:21,42.1167,118.7833,49.35,30,0,9.53,clear sky
601,Tumpat,MY,2022-04-18 00:07:21,6.1978,102.171,79.52,85,71,5.99,broken clouds
602,Nome,US,2022-04-18 00:07:22,64.5011,-165.4064,31.1,80,100,17.27,overcast clouds
603,Gaya,IN,2022-04-18 00:07:22,24.7833,85.0,80.49,12,0,7.05,clear sky
604,Kutum,SD,2022-04-18 00:07:22,14.2,24.6667,77.09,17,8,2.48,clear sky
605,Bang Racham,TH,2022-04-18 00:07:23,14.892,100.3173,85.17,71,81,2.75,broken clouds
606,Sao Filipe,CV,2022-04-18 00:07:23,14.8961,-24.4956,71.51,78,1,8.88,clear sky
607,New Kensington,US,2022-04-18 00:07:23,40.5698,-79.7648,44.94,40,6,1.99,clear sky
608,Dudinka,RU,2022-04-18 00:07:24,69.4058,86.1778,4.62,96,100,9.53,overcast clouds
609,Palmer,US,2022-04-18 00:07:24,42.1584,-72.3287,43.41,52,61,5.5,broken clouds
610,Borogontsy,RU,2022-04-18 00:07:24,62.6683,131.1683,30.56,73,42,10.76,scattered clouds
611,Beroroha,MG,2022-04-18 00:07:25,-21.6667,45.1667,72.72,75,35,3.85,scattered clouds
612,Pisco,PE,2022-04-18 00:07:25,-13.7,-76.2167,65.01,82,0,14.97,clear sky
613,Payson,US,2022-04-18 00:07:25,40.0444,-111.7321,61.92,34,0,5.75,clear sky
614,Saint-Andre-Avellin,CA,2022-04-18 00:07:25,45.7168,-75.066,41.92,51,67,9.73,broken clouds
615,Kataysk,RU,2022-04-18 00:07:26,56.289,62.5841,34.0,83,91,4.97,overcast clouds
616,Mareeba,AU,2022-04-18 00:07:26,-17.0,145.4333,79.66,73,99,4.97,overcast clouds
617,Santander,ES,2022-04-18 00:07:26,43.4647,-3.8044,56.46,89,100,5.75,overcast clouds
618,Moree,AU,2022-04-18 00:07:27,-29.4667,149.85,71.85,53,10,9.64,clear sky
619,Laguna,US,2022-04-18 00:07:27,38.421,-121.4238,74.95,24,0,10.36,clear sky
620,Prince Rupert,CA,2022-04-18 00:07:27,54.3161,-130.3201,46.98,52,19,5.1,few clouds
621,Berbera,SO,2022-04-18 00:07:28,10.4396,45.0143,81.18,80,10,0.47,clear sky
622,Coihaique,CL,2022-04-18 00:07:28,-45.5752,-72.0662,50.61,76,75,4.61,broken clouds
623,Madang,PG,2022-04-18 00:07:28,-5.2246,145.7966,83.01,77,84,1.39,broken clouds
624,Mont-De-Marsan,FR,2022-04-18 00:07:29,44.0,-0.6667,56.28,94,100,9.22,overcast clouds
625,Pangnirtung,CA,2022-04-18 00:07:29,66.1451,-65.7125,-4.23,100,100,6.2,overcast clouds
626,Balkhash,KZ,2022-04-18 00:07:29,46.844,74.9804,51.49,35,63,10.04,broken clouds
627,Khandbari,NP,2022-04-18 00:07:30,27.3747,87.2039,67.17,40,1,3.06,clear sky
628,Dongsheng,CN,2022-04-18 00:07:30,39.8161,109.9776,41.54,38,94,17.72,overcast clouds
629,Santa Cruz,BO,2022-04-18 00:07:30,-17.8,-63.1667,71.06,68,75,3.44,broken clouds
630,Huadian,CN,2022-04-18 00:07:30,42.9633,126.7478,47.5,42,80,10.38,broken clouds
631,Huanren,CN,2022-04-18 00:07:31,41.2647,125.3667,56.25,37,76,1.39,broken clouds
632,Namibe,AO,2022-04-18 00:07:31,-15.1961,12.1522,72.82,77,23,4.88,few clouds
633,Domoni,KM,2022-04-18 00:07:31,-12.2569,44.5319,77.95,86,18,3.71,few clouds
634,Noumea,NC,2022-04-18 00:06:00,-22.2763,166.4572,84.18,99,14,5.93,few clouds
635,Vidim,RU,2022-04-18 00:07:32,56.4088,103.1106,42.26,98,100,6.64,light rain
636,Rayong,TH,2022-04-18 00:07:32,12.8333,101.4333,84.79,99,98,1.28,overcast clouds
637,Balao,EC,2022-04-18 00:07:32,-2.9167,-79.8167,77.22,83,74,5.06,broken clouds
638,Panguna,PG,2022-04-18 00:07:33,-6.3164,155.4848,77.72,77,68,3.31,light rain
639,Ternate,ID,2022-04-18 00:07:33,0.8,127.4,82.49,77,63,4.81,broken clouds
640,Lamu,KE,2022-04-18 00:08:33,-2.2717,40.902,79.02,84,100,11.92,moderate rain
641,Abha,SA,2022-04-18 00:08:33,18.2164,42.5053,64.44,37,52,4.36,broken clouds
642,Lerwick,GB,2022-04-18 00:08:34,60.1545,-1.1494,46.4,84,99,21.99,overcast clouds
643,Abashiri,JP,2022-04-18 00:08:34,44.0213,144.2697,48.67,52,86,9.46,overcast clouds
644,Fiumicino,IT,2022-04-18 00:08:34,41.7675,12.2291,51.49,53,0,10.36,clear sky
645,Borzya,RU,2022-04-18 00:08:35,50.3833,116.5167,46.49,57,100,13.53,overcast clouds
646,Burla,IN,2022-04-18 00:08:35,21.5,83.8667,78.03,31,10,2.89,clear sky
647,Morro Bay,US,2022-04-18 00:03:38,35.3658,-120.8499,81.48,66,55,8.99,broken clouds
648,Boueni,YT,2022-04-18 00:08:35,-12.9025,45.0761,78.78,71,1,5.32,clear sky
649,Tashtyp,RU,2022-04-18 00:08:36,52.7939,89.8983,48.0,70,100,4.9,overcast clouds
650,Koster,ZA,2022-04-18 00:08:36,-25.863,26.8976,53.94,88,100,3.6,light rain
651,Mandalgovi,MN,2022-04-18 00:08:36,45.7625,106.2708,39.96,39,0,10.22,clear sky
652,Copalillo,MX,2022-04-18 00:08:36,18.0333,-99.1167,101.91,13,27,2.91,scattered clouds
653,Salta,AR,2022-04-18 00:05:43,-24.7859,-65.4117,57.58,80,47,1.52,scattered clouds
654,Manaure,CO,2022-04-18 00:08:37,11.7751,-72.4445,83.93,63,100,12.64,overcast clouds
655,Avera,US,2022-04-18 00:08:37,33.194,-82.5271,71.65,67,100,1.54,overcast clouds
656,Luorong,CN,2022-04-18 00:08:37,24.4058,109.6086,54.36,91,100,7.36,overcast clouds
657,Nazareno,MX,2022-04-18 00:08:38,25.3833,-103.4167,95.31,7,76,10.47,broken clouds
658,Puerto Carreno,CO,2022-04-18 00:08:38,6.189,-67.4859,79.18,83,26,7.56,scattered clouds
659,Grafton,US,2022-04-18 00:08:38,42.207,-71.6856,44.06,50,0,8.05,clear sky
660,Skovorodino,RU,2022-04-18 00:08:39,53.9833,123.9167,35.53,53,100,4.94,overcast clouds
661,Ust-Karsk,RU,2022-04-18 00:08:39,52.7011,118.8077,43.77,58,100,5.19,overcast clouds
662,Antofagasta,CL,2022-04-18 00:08:39,-23.65,-70.4,60.6,85,34,4.0,scattered clouds
663,Beisfjord,NO,2022-04-18 00:08:40,68.3751,17.5988,43.05,90,100,4.7,overcast clouds
664,Zaysan,KZ,2022-04-18 00:08:40,47.4667,84.8667,51.03,17,16,4.52,few clouds
665,Makakilo City,US,2022-04-18 00:08:40,21.3469,-158.0858,80.92,59,75,18.41,broken clouds
666,Whyalla,AU,2022-04-18 00:08:40,-33.0333,137.5833,64.29,88,75,8.05,light rain
667,Sarakhs,IR,2022-04-18 00:08:41,36.5449,61.1577,53.29,79,100,17.34,overcast clouds
668,Kerouane,GN,2022-04-18 00:08:41,9.2667,-9.0167,77.29,62,100,4.27,overcast clouds
669,Vieques,PR,2022-04-18 00:08:41,18.425,-65.8329,79.11,73,20,12.66,smoke
670,Islampur,IN,2022-04-18 00:08:42,26.2667,88.2,74.52,73,0,13.29,clear sky
671,Jinxiang,CN,2022-04-18 00:08:42,27.4327,120.6062,58.86,73,94,4.14,overcast clouds
672,Cap Malheureux,MU,2022-04-18 00:08:42,-19.9842,57.6142,75.47,91,11,5.01,few clouds
673,Labuan,MY,2022-04-18 00:08:43,5.2767,115.2417,80.71,79,85,5.84,overcast clouds
674,Lichinga,MZ,2022-04-18 00:08:43,-13.3128,35.2406,66.29,94,75,13.8,broken clouds
675,Madaoua,NE,2022-04-18 00:08:43,14.073,5.96,85.53,9,94,6.67,overcast clouds
676,Kurchum,KZ,2022-04-18 00:08:43,48.5722,83.6542,47.16,35,51,3.27,broken clouds
677,Thinadhoo,MV,2022-04-18 00:08:44,0.5333,72.9333,83.43,70,99,10.04,overcast clouds
678,Changping,CN,2022-04-18 00:08:44,40.2186,116.2197,56.84,31,76,4.92,broken clouds
679,Egersund,NO,2022-04-18 00:08:44,58.4513,5.9997,43.09,75,56,7.56,broken clouds
680,Pacaembu,BR,2022-04-18 00:08:45,-21.5622,-51.2606,63.91,69,0,6.89,clear sky
681,Ketchikan,US,2022-04-18 00:04:01,55.3422,-131.6461,50.47,32,20,6.91,few clouds
682,San Estanislao,CO,2022-04-18 00:08:45,10.3983,-75.1511,84.09,76,96,5.95,overcast clouds
683,Sinop,TR,2022-04-18 00:08:45,41.7711,34.8709,57.63,51,98,8.9,overcast clouds
684,Xining,CN,2022-04-18 00:07:07,36.6167,101.7667,34.95,50,47,1.88,scattered clouds
685,Fukue,JP,2022-04-18 00:08:46,32.6881,128.8419,61.09,41,99,1.74,overcast clouds
686,Kyshtovka,RU,2022-04-18 00:08:46,56.555,76.6271,31.15,86,26,4.47,scattered clouds
687,Marsh Harbour,BS,2022-04-18 00:05:33,26.5412,-77.0636,76.37,80,42,11.74,scattered clouds
